{"cameraMode":{"drawMode":0,"name":"Shaded","section":"Shading Mode"},"sceneLighting":true,"audioPlay":false,"sceneViewState":{"m_AlwaysRefresh":false,"showFog":true,"showSkybox":true,"showFlares":true,"showImageEffects":true,"showParticleSystems":true,"showVisualEffectGraphs":true,"m_FxEnabled":true},"in2DMode":false,"pivot":{"x":89.66938018798828,"y":0.24520111083984376,"z":92.83814239501953},"rotation":{"x":-0.7296526432037354,"y":0.0004096527409274131,"z":-0.0004345287452451885,"w":-0.6838244795799255},"size":46.991371154785159,"orthographic":true}