{"cameraMode":{"drawMode":0,"name":"Shaded","section":"Shading Mode"},"sceneLighting":true,"audioPlay":false,"sceneViewState":{"m_AlwaysRefresh":false,"showFog":true,"showSkybox":true,"showFlares":true,"showImageEffects":true,"showParticleSystems":true,"showVisualEffectGraphs":true,"m_FxEnabled":true},"in2DMode":false,"pivot":{"x":248.10362243652345,"y":-105.36959075927735,"z":221.9415740966797},"rotation":{"x":-0.6321398615837097,"y":-0.0030223054345697166,"z":0.002469013910740614,"w":-0.774857759475708},"size":135.35244750976563,"orthographic":true}