{"cameraMode":{"drawMode":0,"name":"Shaded","section":"Shading Mode"},"sceneLighting":false,"audioPlay":false,"sceneViewState":{"m_AlwaysRefresh":false,"showFog":true,"showSkybox":false,"showFlares":true,"showImageEffects":true,"showParticleSystems":true,"showVisualEffectGraphs":true,"m_FxEnabled":true},"in2DMode":false,"pivot":{"x":-0.6270160675048828,"y":0.2743888795375824,"z":0.7119951248168945},"rotation":{"x":-0.5088803768157959,"y":0.03277849406003952,"z":-0.019396604970097543,"w":-0.8599991202354431},"size":16.340152740478517,"orthographic":true}